INSERT INTO HOTEL(name, cep, number, phone_number) VALUES
    ('Paris6', '60760356', '554', '7431730821'),
    ('Ibis', '68909894', '123A', '8836881829'),
    ('Copacabana Palace', '24130336', '784', '7528268675'),
    ('Hotel da Massa', '06410110', '456', '2721761159'),
    ('Hotel Real Villa Bela', '02737970', '1111-F', '9623886955');

INSERT INTO ROOM(hotel_id, type, floor, capacity, base_price_per_day) VALUES
    (1, 'STANDARD', 1, 1, 150.0),
    (1, 'STANDARD', 1, 1, 200.0),
    (1, 'LUXO', 1, 5, 600.0),
    (2, 'LUXO', 2, 4, 500.0),
    (2, 'STANDARD', 2, 1, 200.0),
    (2, 'STANDARD', 2, 1, 200.0),
    (3, 'LUXO', 3, 6 , 1000.0),
    (3, 'LUXO', 3, 6, 1000.0),
    (3, 'STANDARD', 2, 1, 200.0),
    (4, 'STANDARD', 1, 1, 200.0),
    (4, 'STANDARD', 1, 1, 200.0),
    (5, 'LUXO', 2, 2, 600.0),
    (5, 'LUXO', 2, 2 , 600.0),
    (5, 'LUXO', 2, 4, 1000.0),
    (5, 'LUXO', 3, 2, 600.0);

INSERT INTO CUSTOMER (cpf,name,cep,number,phone,birth_date, email) VALUES 
    ('17288096068', 'Yohanna Sobreira Severiano', '15135032', '123', '7923556786', '1989-11-25', 'Yohanna@gmail.com'),
    ('31082930016', 'Heitor Patrício Bandeira', '06264110', '124', '6539361222', '1984-01-05', 'Heitor@gmail.com'),
    ('92740964021', 'Breno Abrantes Liberato', '07081300',  '456', '1923223488', '1958-10-27', 'Breno@gmail.com'),
    ('42820848044', 'Elisama Damasceno Lisboa', '06770240', '47756', '9624839407', '1954-03-18', 'Elisama@gmail.com'),
    ('48869320022', 'Alexa Pêcego Ramalho', '17050330', '2345', '1829869457', '1910-07-04', 'Alexa@gmail.com'),
    ('23616672074', 'Ellen Pequeno', '13414253', '2341', '6333582220', '1969-01-04', 'Ellen@gmail.com'),
    ('77622354007', 'Erik Carlos Ataíde', '13465791', '1412', '9825634638', '1985-04-13','Erik@gmail.com' ),
    ('12277543020', 'Márcio Delgado Inês', '13302190', '85645', '8836440650', '1901-10-09','Márcio@gmail.com' ),
    ('96565385017', 'Nikolas Lourenço Faleiro', '15085330', '456456', '6621278153', '1966-01-04', 'Nikolas@gmail.com'),
    ('58070453001', 'Helder Bairros Leit', '11621624', '23423', '4231154627', '1960-08-28', 'Helder@gmail.com'),
    ('43420527098', 'Denise Albuquerque Xavier', '11621624', '646', '9834126646', '1932-04-07','Denise@gmail.com' ),
    ('22165758017', 'Karina Proença Negrão', '09783700', '324', '2722739995', '1957-10-24', 'Denise@gmail.com'),
    ('77093787061', 'Noémi Bicudo Pinho', '18116255', '5642', '8735568311', '1936-07-03', 'Noémi@gmail.com'),
    ('82983392074', 'Patrícia Veríssimo Bettencourt', '03927420', '32130', '9625871297', '1990-04-11', 'Patrícia@gmail.com'),
    ('08585569018', 'Nilo Igrejas Úria', '05305020', '1234', '1123211231', '1924-08-18', 'Nilo@gmail.com'),
    ('36819845065', 'Jóni Coimbra Rodovalho', '13401778', '45646', '7927604936', '1969-12-22',  'Jóni@gmail.com'),
    ('28158795064', 'Jayson Rebotim Monsanto', '13569002', '7456', '9824621272', '1961-04-23','Jayson@gmail.com' ),
    ('90859987000', 'Zé Andrade', '13177320', '654', '7932407288', '1991-09-19', 'Andrade@gmail.com'),
    ('37841049080', 'Djelissa Quinta', '05443090', '4564', '9333772636', '1989-11-24', 'Djelissa@gmail.com'),
    ('92223213081', 'Cassandra Fogaça', '19064360', '13131', '9638938294', '1938-08-09', 'Cassandra@gmail.com'),
    ('31257551078', 'Liany Mourato', '19034749', '123440', '9131787242', '1973-03-21', 'Liany@gmail.com');

INSERT INTO RESERVATION (room_id, customer_cpf, price, discount, checkin_date, days_reserved) 
VALUES 
    (1, '17288096068', 200.0, 0.0, '2022-01-02 12:35:30', 4),
    (2, '92740964021', 150.0, 0.0, '2021-12-02 09:30:00', 2),
    (1, '31257551078', 800.0, 80.0, '2022-02-01 10:08:09', 7),
    (6, '36819845065', 350.0, 0.0, '2020-02-20 13:10:11', 4),
    (4, '92223213081', 100.0, 0.0, '2019-07-23 14:40:01', 1),
    (5, '58070453001', 1200.0, 0.0, '2020-02-01 06:45:32', 4),
    (1, '31257551078', 333.0, 30.0, '2022-02-10 10:10:00', 2),
    (1, '31257551078', 721.0, 30.0, '2022-03-10 11:55:02', 2),
    (1, '31257551078', 110.0, 30.0, '2022-04-10 10:00:00', 2),
    (1, '31257551078', 302.0, 30.0, '2022-05-10 10:30:00', 2),
    (1, '31257551078', 170.0, 30.0, '2022-06-12 10:18:09', 4),
    (10, '82983392074',10000.0, 0.0, '2022-02-10 12:00:00',30),
    (7, '17288096068', 25000.0, 0.0, '2022-02-07 06:00:00',25),
    (8, '36819845065', 2000, 0.0, '2021-01-03 15:00:00', 5),
    (8, '36819845065', 2000, 0.0, '2021-01-25 17:00:00', 5),
    (8, '08585569018', 7000, 0.0, '2021-02-11 10:00:00', 25),
    (3, '08585569018', 6000, 0.0, '2021-02-10 10:00:00', 31);

INSERT INTO ACCOMODATION (reservation_id, customer_cpf, checkin_date, checkout_date) VALUES
    (1, '17288096068', '2022-01-02 12:35:30', '2022-01-06 10:30:35'),
    (2, '92740964021', '2021-12-02 09:30:00', '2021-12-04 09:30:00'),
    (3, '31257551078', '2022-02-01 10:08:09', '2022-02-08 10:08:09'),
    (4, '36819845065', '2020-02-20 13:10:11', '2020-02-24 13:10:11'),
    (5, '92223213081', '2019-07-23 14:40:01', '2019-07-24 14:40:01'),
    (5, '37841049080', '2019-07-23 14:40:01', '2019-07-24 14:40:01'),
    (5, '90859987000', '2019-07-23 14:40:01', '2019-07-24 14:40:01'),
    (5, '28158795064', '2019-07-23 14:40:01', '2019-07-24 14:40:01'),
    (6, '58070453001', '2020-02-01 06:45:32', '2020-02-01 06:45:32'),
    (12, '82983392074', '2020-02-10 18:30:31', NULL),
    (13, '17288096068', '2020-02-8 12:00:31', NULL),
    (14, '36819845065', '2020-01-03 15:20:00', '2020-01-08 15:00:00' ),
    (15, '08585569018', '2020-02-11 11:00:00', NULL),
    (16, '28158795064', '2020-01-10 15:20:00', NULL);